{"cameraMode":{"drawMode":0,"name":"Shaded","section":"Shading Mode"},"sceneLighting":true,"audioPlay":false,"sceneViewState":{"showFog":true,"showMaterialUpdate":false,"showSkybox":true,"showFlares":true,"showImageEffects":true,"showParticleSystems":true},"in2DMode":false,"pivot":{"x":-29.570981979370118,"y":11.576842308044434,"z":-30.012901306152345},"rotation":{"x":-0.14411821961402894,"y":-0.787815272808075,"z":0.1996881514787674,"w":-0.5652379989624023},"size":4.551137447357178,"orthographic":false}