{"cameraMode":{"drawMode":0,"name":"Shaded","section":"Shading Mode"},"sceneLighting":true,"audioPlay":false,"sceneViewState":{"showFog":true,"showMaterialUpdate":false,"showSkybox":true,"showFlares":true,"showImageEffects":true,"showParticleSystems":true},"in2DMode":false,"pivot":{"x":-34.044315338134769,"y":10.850966453552246,"z":3.872241735458374},"rotation":{"x":-0.3120734691619873,"y":-0.380053848028183,"z":0.13717472553253175,"w":-0.8603147864341736},"size":-7.433529853820801,"orthographic":false}