{"cameraMode":{"drawMode":0,"name":"Shaded","section":"Shading Mode"},"sceneLighting":false,"audioPlay":false,"sceneViewState":{"showFog":true,"showMaterialUpdate":false,"showSkybox":false,"showFlares":true,"showImageEffects":true,"showParticleSystems":true},"in2DMode":false,"pivot":{"x":11.710000038146973,"y":7.789999961853027,"z":45.540000915527347},"rotation":{"x":-0.2434178739786148,"y":0.7552363872528076,"z":-0.40362557768821719,"w":-0.45549166202545168},"size":23.334535598754884,"orthographic":false}